1505c95a707348C2bCc75698BE258891387f008B_CROOGEToken.sol,CROOGEToken,0.6.12
084dd52ae071e0de931d6323289ca555597a3e09_UnfoldedByBrunoCerasi.sol,UnfoldedByBrunoCerasi,0.8.7
cfc49b91cc35f6ff7c209f7c070bf6e1b66fb151_DOODL.sol,DOODL,0.6.12
206c5c55087ac1f38f50ee151e547f9e42ae7cb8_GOdHatesNFTsTooWTF.sol,GOdHatesNFTsTooWTF,0.8.14
926476bfc3550ccb424202004b9aab9ac40e32de_VeChainX.sol,VeChainX,v0.4.24
3c1634291868ddffa037222991babfccd8400921_ParsecCrowdsale.sol,ParsecCrowdsale,v0.4.23
1543d0F83489e82A1344DF6827B23d541F235A50_AIgathaToken.sol,AIgathaToken,v0.4.21
5eee354e36ac51e9d3f7283005cab0c55f423b23_ArbitrageETHStaking.sol,ArbitrageETHStaking,v0.4.24
b98850497a59d8ed5c1b9d228969775de050409a_JungleMisfits.sol,JungleMisfits,0.8.13
a74642aeae3e2fd79150c910eb5368b64f864b1e_Mobius2D.sol,Mobius2D,v0.4.24
a068345a625542fe49c299c8df309a920a184200_CryptonToken.sol,CryptonToken,v0.4.24
f441b73b0a196aa67d32aee230aab5e54eef4765_RegionsToken.sol,RegionsToken,v0.4.20
6bd50f3589916783b5366262d51700ee81d31b7e_Marijuana.sol,Marijuana,v0.4.23
acf999bfa9347e8ebe6816ed30bf44b127233177_AXNETDEX.sol,AXNETDEX,v0.4.23
4bdde1e9fbaef2579dd63e2abbf0be445ab93f10_CityMayor.sol,CityMayor,v0.4.20
9950f678fbc0152c7b325091f3c6693ee524a32d_Bullrunners10000.sol,Bullrunners10000,0.8.7
6eb4848979be3159ebd55f2d0626b95ff9e7a555_AlphaUndergroundNFT.sol,AlphaUndergroundNFT,0.8.7
9e86f530866bf7b3e8b23e613495c696f713c3c9_PapaFloki.sol,PapaFloki,0.6.12
37784637e421ea5abc9f3917d65d0257a1ea2d0a_MoonDoodleApeBabyBukakiTownwtf.sol,MoonDoodleApeBabyBukakiTownwtf,0.8.9
af83df4264395f7082639db543cdbca3cc9a477c_TheVerdyctResurgence.sol,TheVerdyctResurgence,0.8.7
cc37c96cd50b4ceaecc9fcea880d545f093ad3ef_EthernautsPreSale.sol,EthernautsPreSale,v0.4.19
04e5e1a11f92be3560bf58a76723e6fe4dc09abd_DODO.sol,DODO,0.8.7
278cdd6847ef830c23cac61c17eab837fea1c29a_Bridge.sol,Bridge,0.6.4
ed2f35867a1afc19eeff7f0fbd7cd30c0c8c288a_Etheropoly.sol,Etheropoly,v0.4.21
2f0b287275Fc50a1Cb854797927A12a98d3b9460_EthereumGod.sol,EthereumGod,0.6.12
bbc27ea7906a44207c175f81b8ae26e66bb1cec7_FivePenguins.sol,FivePenguins,0.8.7
6Fb259f21359E740e6a96Be095f81212A80e831e_DICKEY.sol,DICKEY,0.8.16
0eDB29ef467C364F173bc0F6dA8237386303b107_OxBLACK.sol,OxBLACK,0.8.13
bc40fad0b36faeb1595aa90d4136d01c08c99092_AINU.sol,AINU,0.8.17
80169091AAF83C82bb36469db6dAB14c013a0Ef4_GE.sol,GE,0.6.12
3d3097cd94fec5dc823e5025a59438e63757dc79_PLASMA.sol,PLASMA,0.8.0
6a40f8b2c7e6eb5bacbd52bc055e230d00168669_CharlieCoin.sol,CharlieCoin,v0.4.19
259562c54c07aca61e12ee12c62016eaf3fd7852_Nokon.sol,Nokon,0.7.4
b3af8d08975e5c6bc98cb2f8646e54539e2d8f0d_MultiSigWalletWithDailyLimit.sol,MultiSigWalletWithDailyLimit,v0.4.19
e77e59e5d9db886b54ec609d0e0add13fe358fba_x00ts.sol,x00ts,0.8.7
6db943251e4126f913e9733821031791e75df713_ReadyPlayerONE.sol,ReadyPlayerONE,v0.4.24
Dd257067581Bb12d9D37C24bC7ad87Ee41db74B9_LOKLandSaleSecond.sol,LOKLandSaleSecond,0.5.16
d91a26a93c10797b9d02c5595741b83704c874f4_BitcoinSapphire.sol,BitcoinSapphire,v0.4.24
0cfdcefa52aa2c0d11be4f9287243e2838470004_morgoblinz.sol,morgoblinz,0.8.7
20c3811a83fad33dc7a0c8ee2d1e773ddf3b7d44_Damo.sol,Damo,v0.4.24
122ad2495b1af2a14c5c4b4ca59adfcd79c2dcb3_GameTime.sol,GameTime,0.8.17
e50b077ecaf6105a70f992fa83b0fdc6a062a349_BabyDogeDoo.sol,BabyDogeDoo,0.6.12
9ddf4d7f5afa1bf0270b2719811324c2ac97480c_FOMOQuick.sol,FOMOQuick,v0.4.24
08892eebfad12c909c0cb15ebea385ec997ce1ef_MegaBull.sol,MegaBull,0.6.12
b1951924c2225527d712ed41bb6a9d9c0f543ea7_OUD.sol,OUD,0.6.12
39da420ac0d9a6d8e05c5d9acac75377decfbb42_WANGMI.sol,WANGMI,0.6.12
38195c86c5a32af913f05ba2c82e4c07fdeb2427_eKISHU.sol,eKISHU,0.8.4
dcdb83e64147f613496e7e30acd47a2312437405_IllMND.sol,IllMND,0.8.9
6c8dce6d842e0d9d109dc4c69f35cf8904fc4cbf_EtheremonEnergy.sol,EtheremonEnergy,v0.4.19
b14e960fe339588fe431dfd51859ed24f1b1c9e4_MOE.sol,MOE,0.8.12
c1ad0c738a9cd8d2fbaba66885493fe7961996e8_Goldensnitch.sol,Goldensnitch,0.7.4
63278489e04Cd2224DAa4e425E57282135db7Af3_Konnichiwa.sol,Konnichiwa,0.8.9
86c423d5f9396a9d6268d47203b3806028778f51_BLUECHIPBONDS.sol,BLUECHIPBONDS,v0.4.24
4E0fCa55a6C3A94720ded91153A27F60E26B9AA8_BoostToken.sol,BoostToken,0.6.12
2bd29df7a7fe49faf49cc96f75582297c9ac1edd_MultiVaultCapital.sol,MultiVaultCapital,0.7.6
05fc938cc60fb71381514877d66478bab7e2e1ce_SUPERCATS.sol,SUPERCATS,0.8.13
dd9f24efc84d93deef3c8745c837ab63e80abd27_GovernanceLeftoverExchanger.sol,GovernanceLeftoverExchanger,0.6.12
d792fe17cf634aeea2ef1d8c4eb076aaa34494aa_OKUNFTs.sol,OKUNFTs,0.8.7
aaf740FD71093520C457642eb9219A4F6dA22190_ANON.sol,ANON,0.6.12
85a3248fd8d750a80d5df3abb0c933bdd9a8396a_POWHF.sol,POWHF,v0.4.20
1de00bf682620fe9c026dfc0cba9116b2d73cc27_RETNIRP.sol,RETNIRP,0.8.7
0c6173feb70e6db560bc89ac014cb5d97583b111_KingOfTheHill.sol,KingOfTheHill,0.7.4
9BAcb4E17328d11b334dA6d48BEC3EC55CEC0858_dAvInci.sol,dAvInci,0.8.12
20e2bf0fc47e65a3caa5e8e17c5cd730cc556db9_AirDrop.sol,AirDrop,v0.4.24
563b7591e1312638ba664a1358c93be8d0363318_WCI2.sol,WCI2,0.8.17
7b8741bd212b4f2d0a1b53008670d2b0174a1cd9_HYPERLOOP.sol,HYPERLOOP,0.6.12
cf8c23cf17bb5815d5705a15486fa83805415625_Polkadoge.sol,Polkadoge,0.6.12
df56130421afc85431af6b3451a9336377e5fb0c_BountyClaim.sol,BountyClaim,v0.4.24
819Bb9964B6eBF52361F1ae42CF4831B921510f9_V00_Marketplace.sol,V00_Marketplace,v0.4.24
bfBa224810655e7B5D94190700768fa8aBDB9eAa_HippoHotel.sol,HippoHotel,0.7.6
7Ed850d831dd56b3224647eDF5622835d48c54A4_ElonRogan.sol,ElonRogan,0.6.12
6a57883b5748bf3631ac2e0d43bf0d6f6cbcd16b_LescoinPreSale.sol,LescoinPreSale,v0.4.16
d4cd9a92a2cc1a864d67f1fd6279f73f5ec3a5f7_OwnershipClaimer.sol,OwnershipClaimer,v0.4.24
47e661f80a5fecb42137c97ecd910e2436f3ccad_Shibbit.sol,Shibbit,0.8.4
fed8dfb896ff7081851c56a2652240568d2c513f_PreICO.sol,PreICO,v0.4.15
6c0a168a96a454f8fb589327960c5ab745cca9e0_MMB.sol,MMB,0.8.7
d546551924a883b604d4127b0af309c95ba9ba6d_UberDelta.sol,UberDelta,v0.4.20
482cf6a9d6b23452c81d4d0f0f139c1414963f89_EpicPackFour.sol,EpicPackFour,v0.4.24
43d3cc4439d2ac6fb93032004f6c094a5c21b185_PRESALE.sol,PRESALE,0.8.7
44bB2a074C58e160fc86eFC395B6dFD3592E7620_The401kProtocol.sol,The401kProtocol,0.7.4
2af6139c39c05e0597c0ac12c60b303c38aa69e7_HIT.sol,HIT,v0.4.24
84b7d95165328d790a34cc5d7ecf528be55c65ed_DiceGame.sol,DiceGame,v0.4.25
7e2adafce6033c1272708b58aeab1164017417d2_CryptoflipCar.sol,CryptoflipCar,v0.4.21
30f938fed5de6e06a9a7cd2ac3517131c317b1e7_GivethBridge.sol,GivethBridge,v0.4.21
d0a3b550b766c32b47cca3c332741f884f1599e4_GoblinBbys.sol,GoblinBbys,0.8.14
34aF60BD2447Aa7F49920200F072667A5FEb29cf_SONIC.sol,SONIC,0.8.17
a44e464b13280340904ffef0a65b8a0033460430_MyCryptoChampCore.sol,MyCryptoChampCore,v0.4.23
768864b2c8e9e15ec91be1db124469f861cfd2c2_RatScam.sol,RatScam,v0.4.24
0e90b59e6b1f28d89a647f3224e24af44e824baf_UshiOni.sol,UshiOni,0.7.6
a8e7366031d493A0dF88A583196d092f80152029_Ribbits.sol,Ribbits,0.5.17
60c817c0489681d67206a7b82593adb7ef6c63ff_VBHC.sol,VBHC,0.8.13
c31d5006c23bf21d3e9b007C542eFB6485BF081b_WorkandWork.sol,WorkandWork,0.8.7
804b3d28e02e8820a8aaa8b23fc01b87028674eb_HirakiGenesis.sol,HirakiGenesis,0.8.7
638a3d66e4a6a6db13fae6050b36f7067ccaacf9_FusionSSJ2.sol,FusionSSJ2,0.8.13
5f561f52a49eb243910bf0471d692d6908def385_UndeadApeYachtClub.sol,UndeadApeYachtClub,0.8.17